unique_id,name,product,community,qr_url,svg_path,png_path
GB0-1,Red Dust,Basket Bed,Darwin,https://goods-tracker.app/support?asset_id=GB0-1,svg/qr_GB0-1.svg,png/qr_GB0-1.png
GB0-2,Gloria - Double - Tent ,Basket Bed,Kalgoorlie,https://goods-tracker.app/support?asset_id=GB0-2,svg/qr_GB0-2.svg,png/qr_GB0-2.png
GB0-4,Boulder Double ,Basket Bed,Kalgoorlie,https://goods-tracker.app/support?asset_id=GB0-4,svg/qr_GB0-4.svg,png/qr_GB0-4.png
GB0-5,Jesse - Double  ,Basket Bed,Kalgoorlie,https://goods-tracker.app/support?asset_id=GB0-5,svg/qr_GB0-5.svg,png/qr_GB0-5.png
GB0-6,Ninga Mia - Single Test,Basket Bed,Kalgoorlie,https://goods-tracker.app/support?asset_id=GB0-6,svg/qr_GB0-6.svg,png/qr_GB0-6.png
GB0-7,Single x Double - Jocelyn ,Basket Bed,Kalgoorlie,https://goods-tracker.app/support?asset_id=GB0-7,svg/qr_GB0-7.svg,png/qr_GB0-7.png
GB0-8,Double - Eagles ,Basket Bed,Kalgoorlie,https://goods-tracker.app/support?asset_id=GB0-8,svg/qr_GB0-8.svg,png/qr_GB0-8.png
GB0-9,Greate Bed - ,Basket Bed,Kalgoorlie,https://goods-tracker.app/support?asset_id=GB0-9,svg/qr_GB0-9.svg,png/qr_GB0-9.png
GB0-10,12x Test Ninga mia,Basket Bed,Kalgoorlie,https://goods-tracker.app/support?asset_id=GB0-10,svg/qr_GB0-10.svg,png/qr_GB0-10.png
GB0-11,Church of Christ Demo (( Beryls Bed)),Basket Bed,Kalgoorlie,https://goods-tracker.app/support?asset_id=GB0-11,svg/qr_GB0-11.svg,png/qr_GB0-11.png
GB0-12,Bega Demo ,Basket Bed,Kalgoorlie,https://goods-tracker.app/support?asset_id=GB0-12,svg/qr_GB0-12.svg,png/qr_GB0-12.png
GB0-13,Normans Bed // Wilya Janta Demo Bed ,Basket Bed,Tennet Creek,https://goods-tracker.app/support?asset_id=GB0-13,svg/qr_GB0-13.svg,png/qr_GB0-13.png
GB0-14,Angelas - PICC ,Basket Bed,Palm Island,https://goods-tracker.app/support?asset_id=GB0-14,svg/qr_GB0-14.svg,png/qr_GB0-14.png
GB0-15,Thomas / Albert Bed ,Basket Bed,Palm Island,https://goods-tracker.app/support?asset_id=GB0-15,svg/qr_GB0-15.svg,png/qr_GB0-15.png
GB0-16,Jason’s Bed ,Basket Bed,Palm Island,https://goods-tracker.app/support?asset_id=GB0-16,svg/qr_GB0-16.svg,png/qr_GB0-16.png
GB0-17,William Ranger,Basket Bed,Palm Island,https://goods-tracker.app/support?asset_id=GB0-17,svg/qr_GB0-17.svg,png/qr_GB0-17.png
GB0-18,William Ranger double - left kit ,Basket Bed,Palm Island,https://goods-tracker.app/support?asset_id=GB0-18,svg/qr_GB0-18.svg,png/qr_GB0-18.png
GB0-19,Cyscilia bed - double stacked - under house ,Basket Bed,Palm Island,https://goods-tracker.app/support?asset_id=GB0-19,svg/qr_GB0-19.svg,png/qr_GB0-19.png
GB0-20,Shop owner double double ,Basket Bed,Palm Island,https://goods-tracker.app/support?asset_id=GB0-20,svg/qr_GB0-20.svg,png/qr_GB0-20.png
GB0-21,Janine Sibley ,Basket Bed,Palm Island,https://goods-tracker.app/support?asset_id=GB0-21,svg/qr_GB0-21.svg,png/qr_GB0-21.png
GB0-22-1,GB 22-32 - Churches of Christ x 10 kits ,Basket Bed,Kalgoorlie,https://goods-tracker.app/support?asset_id=GB0-22-1,svg/qr_GB0-22-1.svg,png/qr_GB0-22-1.png
GB0-22-2,GB 22-32 - Churches of Christ x 10 kits ,Basket Bed,Kalgoorlie,https://goods-tracker.app/support?asset_id=GB0-22-2,svg/qr_GB0-22-2.svg,png/qr_GB0-22-2.png
GB0-22-3,GB 22-32 - Churches of Christ x 10 kits ,Basket Bed,Kalgoorlie,https://goods-tracker.app/support?asset_id=GB0-22-3,svg/qr_GB0-22-3.svg,png/qr_GB0-22-3.png
GB0-22-4,GB 22-32 - Churches of Christ x 10 kits ,Basket Bed,Kalgoorlie,https://goods-tracker.app/support?asset_id=GB0-22-4,svg/qr_GB0-22-4.svg,png/qr_GB0-22-4.png
GB0-22-5,GB 22-32 - Churches of Christ x 10 kits ,Basket Bed,Kalgoorlie,https://goods-tracker.app/support?asset_id=GB0-22-5,svg/qr_GB0-22-5.svg,png/qr_GB0-22-5.png
GB0-22-6,GB 22-32 - Churches of Christ x 10 kits ,Basket Bed,Kalgoorlie,https://goods-tracker.app/support?asset_id=GB0-22-6,svg/qr_GB0-22-6.svg,png/qr_GB0-22-6.png
GB0-22-7,GB 22-32 - Churches of Christ x 10 kits ,Basket Bed,Kalgoorlie,https://goods-tracker.app/support?asset_id=GB0-22-7,svg/qr_GB0-22-7.svg,png/qr_GB0-22-7.png
GB0-22-8,GB 22-32 - Churches of Christ x 10 kits ,Basket Bed,Kalgoorlie,https://goods-tracker.app/support?asset_id=GB0-22-8,svg/qr_GB0-22-8.svg,png/qr_GB0-22-8.png
GB0-22-9,GB 22-32 - Churches of Christ x 10 kits ,Basket Bed,Kalgoorlie,https://goods-tracker.app/support?asset_id=GB0-22-9,svg/qr_GB0-22-9.svg,png/qr_GB0-22-9.png
GB0-22-10,GB 22-32 - Churches of Christ x 10 kits ,Basket Bed,Kalgoorlie,https://goods-tracker.app/support?asset_id=GB0-22-10,svg/qr_GB0-22-10.svg,png/qr_GB0-22-10.png
GB0-23-1,Alan Palm Island,Basket Bed,Palm Island,https://goods-tracker.app/support?asset_id=GB0-23-1,svg/qr_GB0-23-1.svg,png/qr_GB0-23-1.png
GB0-23-2,Alan Palm Island,Basket Bed,Palm Island,https://goods-tracker.app/support?asset_id=GB0-23-2,svg/qr_GB0-23-2.svg,png/qr_GB0-23-2.png
GB0-23-3,Alan Palm Island,Basket Bed,Palm Island,https://goods-tracker.app/support?asset_id=GB0-23-3,svg/qr_GB0-23-3.svg,png/qr_GB0-23-3.png
GB0-27-1,Steven,Basket Bed,Palm Island,https://goods-tracker.app/support?asset_id=GB0-27-1,svg/qr_GB0-27-1.svg,png/qr_GB0-27-1.png
GB0-27-2,Steven,Basket Bed,Palm Island,https://goods-tracker.app/support?asset_id=GB0-27-2,svg/qr_GB0-27-2.svg,png/qr_GB0-27-2.png
GB0-28,Eva - Council,Basket Bed,Palm Island,https://goods-tracker.app/support?asset_id=GB0-28,svg/qr_GB0-28.svg,png/qr_GB0-28.png
GB0-29,Double double base // Natalie ,Basket Bed,Palm Island,https://goods-tracker.app/support?asset_id=GB0-29,svg/qr_GB0-29.svg,png/qr_GB0-29.png
GB0-30-1,Albert,Basket Bed,Palm Island,https://goods-tracker.app/support?asset_id=GB0-30-1,svg/qr_GB0-30-1.svg,png/qr_GB0-30-1.png
GB0-30-2,Albert,Basket Bed,Palm Island,https://goods-tracker.app/support?asset_id=GB0-30-2,svg/qr_GB0-30-2.svg,png/qr_GB0-30-2.png
GB0-30-3,Albert,Basket Bed,Palm Island,https://goods-tracker.app/support?asset_id=GB0-30-3,svg/qr_GB0-30-3.svg,png/qr_GB0-30-3.png
GB0-33,Terayar,Basket Bed,Palm Island,https://goods-tracker.app/support?asset_id=GB0-33,svg/qr_GB0-33.svg,png/qr_GB0-33.png
GB0-35-1,Jessica Fraser - double ,Basket Bed,Palm Island,https://goods-tracker.app/support?asset_id=GB0-35-1,svg/qr_GB0-35-1.svg,png/qr_GB0-35-1.png
GB0-35-2,Jessica Fraser - double ,Basket Bed,Palm Island,https://goods-tracker.app/support?asset_id=GB0-35-2,svg/qr_GB0-35-2.svg,png/qr_GB0-35-2.png
GB0-36-1,Ursula - queen ,Basket Bed,Palm Island,https://goods-tracker.app/support?asset_id=GB0-36-1,svg/qr_GB0-36-1.svg,png/qr_GB0-36-1.png
GB0-36-2,Ursula - queen ,Basket Bed,Palm Island,https://goods-tracker.app/support?asset_id=GB0-36-2,svg/qr_GB0-36-2.svg,png/qr_GB0-36-2.png
GB0-39-1,Gavin,Basket Bed,Palm Island,https://goods-tracker.app/support?asset_id=GB0-39-1,svg/qr_GB0-39-1.svg,png/qr_GB0-39-1.png
GB0-39-2,Gavin,Basket Bed,Palm Island,https://goods-tracker.app/support?asset_id=GB0-39-2,svg/qr_GB0-39-2.svg,png/qr_GB0-39-2.png
GB0-42-1,Derren,Basket Bed,Palm Island,https://goods-tracker.app/support?asset_id=GB0-42-1,svg/qr_GB0-42-1.svg,png/qr_GB0-42-1.png
GB0-42-2,Derren,Basket Bed,Palm Island,https://goods-tracker.app/support?asset_id=GB0-42-2,svg/qr_GB0-42-2.svg,png/qr_GB0-42-2.png
GB0-43-1,Tarayar,Basket Bed,Palm Island,https://goods-tracker.app/support?asset_id=GB0-43-1,svg/qr_GB0-43-1.svg,png/qr_GB0-43-1.png
GB0-43-2,Tarayar,Basket Bed,Palm Island,https://goods-tracker.app/support?asset_id=GB0-43-2,svg/qr_GB0-43-2.svg,png/qr_GB0-43-2.png
GB0-47-1,Kevin,Basket Bed,Palm Island,https://goods-tracker.app/support?asset_id=GB0-47-1,svg/qr_GB0-47-1.svg,png/qr_GB0-47-1.png
GB0-47-2,Kevin,Basket Bed,Palm Island,https://goods-tracker.app/support?asset_id=GB0-47-2,svg/qr_GB0-47-2.svg,png/qr_GB0-47-2.png
GB0-47-3,Kevin,Basket Bed,Palm Island,https://goods-tracker.app/support?asset_id=GB0-47-3,svg/qr_GB0-47-3.svg,png/qr_GB0-47-3.png
GB0-50-1,Ivy - double,Basket Bed,Palm Island,https://goods-tracker.app/support?asset_id=GB0-50-1,svg/qr_GB0-50-1.svg,png/qr_GB0-50-1.png
GB0-50-2,Ivy - double,Basket Bed,Palm Island,https://goods-tracker.app/support?asset_id=GB0-50-2,svg/qr_GB0-50-2.svg,png/qr_GB0-50-2.png
GB0-52-1,Rob / Alan,Basket Bed,Palm Island,https://goods-tracker.app/support?asset_id=GB0-52-1,svg/qr_GB0-52-1.svg,png/qr_GB0-52-1.png
GB0-52-2,Rob / Alan,Basket Bed,Palm Island,https://goods-tracker.app/support?asset_id=GB0-52-2,svg/qr_GB0-52-2.svg,png/qr_GB0-52-2.png
GB0-54-1,Benjamin,Basket Bed,Palm Island,https://goods-tracker.app/support?asset_id=GB0-54-1,svg/qr_GB0-54-1.svg,png/qr_GB0-54-1.png
GB0-54-2,Benjamin,Basket Bed,Palm Island,https://goods-tracker.app/support?asset_id=GB0-54-2,svg/qr_GB0-54-2.svg,png/qr_GB0-54-2.png
GB0-56-1,Benjamin - queen,Basket Bed,Palm Island,https://goods-tracker.app/support?asset_id=GB0-56-1,svg/qr_GB0-56-1.svg,png/qr_GB0-56-1.png
GB0-56-2,Benjamin - queen,Basket Bed,Palm Island,https://goods-tracker.app/support?asset_id=GB0-56-2,svg/qr_GB0-56-2.svg,png/qr_GB0-56-2.png
GB0-57-1,Avis,Basket Bed,Palm Island,https://goods-tracker.app/support?asset_id=GB0-57-1,svg/qr_GB0-57-1.svg,png/qr_GB0-57-1.png
GB0-57-2,Avis,Basket Bed,Palm Island,https://goods-tracker.app/support?asset_id=GB0-57-2,svg/qr_GB0-57-2.svg,png/qr_GB0-57-2.png
GB0-61-1,Colleen,Basket Bed,Palm Island,https://goods-tracker.app/support?asset_id=GB0-61-1,svg/qr_GB0-61-1.svg,png/qr_GB0-61-1.png
GB0-61-2,Colleen,Basket Bed,Palm Island,https://goods-tracker.app/support?asset_id=GB0-61-2,svg/qr_GB0-61-2.svg,png/qr_GB0-61-2.png
GB0-61-3,Colleen,Basket Bed,Palm Island,https://goods-tracker.app/support?asset_id=GB0-61-3,svg/qr_GB0-61-3.svg,png/qr_GB0-61-3.png
GB0-62-1,Cathy,Basket Bed,Palm Island,https://goods-tracker.app/support?asset_id=GB0-62-1,svg/qr_GB0-62-1.svg,png/qr_GB0-62-1.png
GB0-62-2,Cathy,Basket Bed,Palm Island,https://goods-tracker.app/support?asset_id=GB0-62-2,svg/qr_GB0-62-2.svg,png/qr_GB0-62-2.png
GB0-62-3,Cathy,Basket Bed,Palm Island,https://goods-tracker.app/support?asset_id=GB0-62-3,svg/qr_GB0-62-3.svg,png/qr_GB0-62-3.png
GB0-62-4,Cathy,Basket Bed,Palm Island,https://goods-tracker.app/support?asset_id=GB0-62-4,svg/qr_GB0-62-4.svg,png/qr_GB0-62-4.png
GB0-66,Eb - double,Basket Bed,Palm Island,https://goods-tracker.app/support?asset_id=GB0-66,svg/qr_GB0-66.svg,png/qr_GB0-66.png
GB0-68,Collette Double B,Basket Bed,Palm Island,https://goods-tracker.app/support?asset_id=GB0-68,svg/qr_GB0-68.svg,png/qr_GB0-68.png
GB0-70-1,Collette,Basket Bed,Palm Island,https://goods-tracker.app/support?asset_id=GB0-70-1,svg/qr_GB0-70-1.svg,png/qr_GB0-70-1.png
GB0-70-2,Collette,Basket Bed,Palm Island,https://goods-tracker.app/support?asset_id=GB0-70-2,svg/qr_GB0-70-2.svg,png/qr_GB0-70-2.png
GB0-70-3,Collette,Basket Bed,Palm Island,https://goods-tracker.app/support?asset_id=GB0-70-3,svg/qr_GB0-70-3.svg,png/qr_GB0-70-3.png
GB0-72-1,Camaleta B,Basket Bed,Palm Island,https://goods-tracker.app/support?asset_id=GB0-72-1,svg/qr_GB0-72-1.svg,png/qr_GB0-72-1.png
GB0-72-2,Camaleta B,Basket Bed,Palm Island,https://goods-tracker.app/support?asset_id=GB0-72-2,svg/qr_GB0-72-2.svg,png/qr_GB0-72-2.png
GB0-73,Collette,Basket Bed,Palm Island,https://goods-tracker.app/support?asset_id=GB0-73,svg/qr_GB0-73.svg,png/qr_GB0-73.png
GB0-83-1,Mark - queen ,Basket Bed,Palm Island,https://goods-tracker.app/support?asset_id=GB0-83-1,svg/qr_GB0-83-1.svg,png/qr_GB0-83-1.png
GB0-83-2,Mark - queen ,Basket Bed,Palm Island,https://goods-tracker.app/support?asset_id=GB0-83-2,svg/qr_GB0-83-2.svg,png/qr_GB0-83-2.png
GB0-86-1,John,Basket Bed,Palm Island,https://goods-tracker.app/support?asset_id=GB0-86-1,svg/qr_GB0-86-1.svg,png/qr_GB0-86-1.png
GB0-86-2,John,Basket Bed,Palm Island,https://goods-tracker.app/support?asset_id=GB0-86-2,svg/qr_GB0-86-2.svg,png/qr_GB0-86-2.png
GB0-89,William Ranger,Basket Bed,Palm Island,https://goods-tracker.app/support?asset_id=GB0-89,svg/qr_GB0-89.svg,png/qr_GB0-89.png
GB0-91,Laura,Basket Bed,,https://goods-tracker.app/support?asset_id=GB0-91,svg/qr_GB0-91.svg,png/qr_GB0-91.png
GB0-92,Jodie Newcastle ,Basket Bed,Tennet Creek,https://goods-tracker.app/support?asset_id=GB0-92,svg/qr_GB0-92.svg,png/qr_GB0-92.png
GB0-93,Floyd James ,Basket Bed,Tennet Creek,https://goods-tracker.app/support?asset_id=GB0-93,svg/qr_GB0-93.svg,png/qr_GB0-93.png
GB0-94,Angeline Malaga camp ,Basket Bed,Tennet Creek,https://goods-tracker.app/support?asset_id=GB0-94,svg/qr_GB0-94.svg,png/qr_GB0-94.png
GB0-95,Tyreake - 1 double double ,Basket Bed,Tennet Creek,https://goods-tracker.app/support?asset_id=GB0-95,svg/qr_GB0-95.svg,png/qr_GB0-95.png
GB0-97,Cheredith Nemo and she lives on Staunton St,Basket Bed,Alice Springs,https://goods-tracker.app/support?asset_id=GB0-97,svg/qr_GB0-97.svg,png/qr_GB0-97.png
GB0-104-1,Dianne - double,Basket Bed,Tennet Creek,https://goods-tracker.app/support?asset_id=GB0-104-1,svg/qr_GB0-104-1.svg,png/qr_GB0-104-1.png
GB0-104-2,Dianne - double,Basket Bed,Tennet Creek,https://goods-tracker.app/support?asset_id=GB0-104-2,svg/qr_GB0-104-2.svg,png/qr_GB0-104-2.png
GB0-105,Sylvia,Basket Bed,Tennet Creek,https://goods-tracker.app/support?asset_id=GB0-105,svg/qr_GB0-105.svg,png/qr_GB0-105.png
GB0-106,Norm,Basket Bed,Tennet Creek,https://goods-tracker.app/support?asset_id=GB0-106,svg/qr_GB0-106.svg,png/qr_GB0-106.png
GB0-107,Norms daugter,Basket Bed,Tennet Creek,https://goods-tracker.app/support?asset_id=GB0-107,svg/qr_GB0-107.svg,png/qr_GB0-107.png
GB0-108-1,Family,Basket Bed,Tennet Creek,https://goods-tracker.app/support?asset_id=GB0-108-1,svg/qr_GB0-108-1.svg,png/qr_GB0-108-1.png
GB0-108-2,Family,Basket Bed,Tennet Creek,https://goods-tracker.app/support?asset_id=GB0-108-2,svg/qr_GB0-108-2.svg,png/qr_GB0-108-2.png
GB0-109-1,??,Basket Bed,Tennet Creek,https://goods-tracker.app/support?asset_id=GB0-109-1,svg/qr_GB0-109-1.svg,png/qr_GB0-109-1.png
GB0-109-2,??,Basket Bed,Tennet Creek,https://goods-tracker.app/support?asset_id=GB0-109-2,svg/qr_GB0-109-2.svg,png/qr_GB0-109-2.png
GB0-110-1,Next to Dianne,Basket Bed,Tennet Creek,https://goods-tracker.app/support?asset_id=GB0-110-1,svg/qr_GB0-110-1.svg,png/qr_GB0-110-1.png
GB0-110-2,Next to Dianne,Basket Bed,Tennet Creek,https://goods-tracker.app/support?asset_id=GB0-110-2,svg/qr_GB0-110-2.svg,png/qr_GB0-110-2.png
GB0-111,Brian,Basket Bed,Tennet Creek,https://goods-tracker.app/support?asset_id=GB0-111,svg/qr_GB0-111.svg,png/qr_GB0-111.png
GB0-112-1,Junior’s House,Basket Bed,Tennet Creek,https://goods-tracker.app/support?asset_id=GB0-112-1,svg/qr_GB0-112-1.svg,png/qr_GB0-112-1.png
GB0-112-2,Junior’s House,Basket Bed,Tennet Creek,https://goods-tracker.app/support?asset_id=GB0-112-2,svg/qr_GB0-112-2.svg,png/qr_GB0-112-2.png
GB0-113,Norman,ID Washing Machine,Tennet Creek,https://goods-tracker.app/support?asset_id=GB0-113,svg/qr_GB0-113.svg,png/qr_GB0-113.png
GB0-114,Dianne’s friend,Basket Bed,Tennet Creek,https://goods-tracker.app/support?asset_id=GB0-114,svg/qr_GB0-114.svg,png/qr_GB0-114.png
GB0-115-1,Dianne’s daughter Anne maree,Basket Bed,Tennet Creek,https://goods-tracker.app/support?asset_id=GB0-115-1,svg/qr_GB0-115-1.svg,png/qr_GB0-115-1.png
GB0-115-2,Dianne’s daughter Anne maree,Basket Bed,Tennet Creek,https://goods-tracker.app/support?asset_id=GB0-115-2,svg/qr_GB0-115-2.svg,png/qr_GB0-115-2.png
GB0-115-3,Dianne’s daughter Anne maree,Basket Bed,Tennet Creek,https://goods-tracker.app/support?asset_id=GB0-115-3,svg/qr_GB0-115-3.svg,png/qr_GB0-115-3.png
GB0-116-1,Dianne brother - stan,Basket Bed,Tennet Creek,https://goods-tracker.app/support?asset_id=GB0-116-1,svg/qr_GB0-116-1.svg,png/qr_GB0-116-1.png
GB0-116-2,Dianne brother - stan,Basket Bed,Tennet Creek,https://goods-tracker.app/support?asset_id=GB0-116-2,svg/qr_GB0-116-2.svg,png/qr_GB0-116-2.png
GB0-118-1,Dianne’s son,Basket Bed,Tennet Creek,https://goods-tracker.app/support?asset_id=GB0-118-1,svg/qr_GB0-118-1.svg,png/qr_GB0-118-1.png
GB0-118-2,Dianne’s son,Basket Bed,Tennet Creek,https://goods-tracker.app/support?asset_id=GB0-118-2,svg/qr_GB0-118-2.svg,png/qr_GB0-118-2.png
GB0-119-1,Nelly Peterson,Basket Bed,Tennet Creek,https://goods-tracker.app/support?asset_id=GB0-119-1,svg/qr_GB0-119-1.svg,png/qr_GB0-119-1.png
GB0-119-2,Nelly Peterson,Basket Bed,Tennet Creek,https://goods-tracker.app/support?asset_id=GB0-119-2,svg/qr_GB0-119-2.svg,png/qr_GB0-119-2.png
GB0-120-1,Kerry - Juniors Aunty,Basket Bed,Tennet Creek,https://goods-tracker.app/support?asset_id=GB0-120-1,svg/qr_GB0-120-1.svg,png/qr_GB0-120-1.png
GB0-120-2,Kerry - Juniors Aunty,Basket Bed,Tennet Creek,https://goods-tracker.app/support?asset_id=GB0-120-2,svg/qr_GB0-120-2.svg,png/qr_GB0-120-2.png
GB0-121-1,Next to Juniors Aunty,Basket Bed,Tennet Creek,https://goods-tracker.app/support?asset_id=GB0-121-1,svg/qr_GB0-121-1.svg,png/qr_GB0-121-1.png
GB0-121-2,Next to Juniors Aunty,Basket Bed,Tennet Creek,https://goods-tracker.app/support?asset_id=GB0-121-2,svg/qr_GB0-121-2.svg,png/qr_GB0-121-2.png
GB0-121-3,Next to Juniors Aunty,Basket Bed,Tennet Creek,https://goods-tracker.app/support?asset_id=GB0-121-3,svg/qr_GB0-121-3.svg,png/qr_GB0-121-3.png
GB0-122,Dylan,Basket Bed,Tennet Creek,https://goods-tracker.app/support?asset_id=GB0-122,svg/qr_GB0-122.svg,png/qr_GB0-122.png
GB0-123,Sheradith,Basket Bed,Tennet Creek,https://goods-tracker.app/support?asset_id=GB0-123,svg/qr_GB0-123.svg,png/qr_GB0-123.png
GB0-124-1,KW,Basket Bed,Tennet Creek,https://goods-tracker.app/support?asset_id=GB0-124-1,svg/qr_GB0-124-1.svg,png/qr_GB0-124-1.png
GB0-124-2,KW,Basket Bed,Tennet Creek,https://goods-tracker.app/support?asset_id=GB0-124-2,svg/qr_GB0-124-2.svg,png/qr_GB0-124-2.png
GB0-125,Barkley Arts,ID Washing Machine,Tennet Creek,https://goods-tracker.app/support?asset_id=GB0-125,svg/qr_GB0-125.svg,png/qr_GB0-125.png
GB0-129,Dianne - weave bed,Weave Bed,Tennet Creek,https://goods-tracker.app/support?asset_id=GB0-129,svg/qr_GB0-129.svg,png/qr_GB0-129.png
GB0-130,Jimmy - weave bed,Weave Bed,Tennet Creek,https://goods-tracker.app/support?asset_id=GB0-130,svg/qr_GB0-130.svg,png/qr_GB0-130.png
GB0-131,Junior Weave Bed,Weave Bed,Tennet Creek,https://goods-tracker.app/support?asset_id=GB0-131,svg/qr_GB0-131.svg,png/qr_GB0-131.png
GB0-132,Jimmy - Washer,ID Washing Machine,Tennet Creek,https://goods-tracker.app/support?asset_id=GB0-132,svg/qr_GB0-132.svg,png/qr_GB0-132.png
GB0-133,Jimmy’s Uncle - Washer,ID Washing Machine,Tennet Creek,https://goods-tracker.app/support?asset_id=GB0-133,svg/qr_GB0-133.svg,png/qr_GB0-133.png
GB0-134,Cythia,Basket Bed,Tennet Creek,https://goods-tracker.app/support?asset_id=GB0-134,svg/qr_GB0-134.svg,png/qr_GB0-134.png
GB0-135,Rangers Station,ID Washing Machine,Palm Island,https://goods-tracker.app/support?asset_id=GB0-135,svg/qr_GB0-135.svg,png/qr_GB0-135.png
GB0-136-1,Oochiumpa,ID Washing Machine,Palm Island,https://goods-tracker.app/support?asset_id=GB0-136-1,svg/qr_GB0-136-1.svg,png/qr_GB0-136-1.png
GB0-136-2,Oochiumpa,ID Washing Machine,Palm Island,https://goods-tracker.app/support?asset_id=GB0-136-2,svg/qr_GB0-136-2.svg,png/qr_GB0-136-2.png
GB0-136-3,Oochiumpa,ID Washing Machine,Palm Island,https://goods-tracker.app/support?asset_id=GB0-136-3,svg/qr_GB0-136-3.svg,png/qr_GB0-136-3.png
GB0-137,Workers House,ID Washing Machine,Palm Island,https://goods-tracker.app/support?asset_id=GB0-137,svg/qr_GB0-137.svg,png/qr_GB0-137.png
GB0-138,Luella Bligh,ID Washing Machine,Palm Island,https://goods-tracker.app/support?asset_id=GB0-138,svg/qr_GB0-138.svg,png/qr_GB0-138.png
GB0-139,Ebs Aunty,ID Washing Machine,Palm Island,https://goods-tracker.app/support?asset_id=GB0-139,svg/qr_GB0-139.svg,png/qr_GB0-139.png
GB0-140,Mark,Basket Bed,Mount Isa,https://goods-tracker.app/support?asset_id=GB0-140,svg/qr_GB0-140.svg,png/qr_GB0-140.png
GB0-141,Riverbed Action Group,Basket Bed,Mount Isa,https://goods-tracker.app/support?asset_id=GB0-141,svg/qr_GB0-141.svg,png/qr_GB0-141.png
GB0-142-1,Weave Bad,Basket Bed,Palm Island,https://goods-tracker.app/support?asset_id=GB0-142-1,svg/qr_GB0-142-1.svg,png/qr_GB0-142-1.png
GB0-142-2,Weave Bad,Basket Bed,Palm Island,https://goods-tracker.app/support?asset_id=GB0-142-2,svg/qr_GB0-142-2.svg,png/qr_GB0-142-2.png
GB0-142-3,Weave Bad,Basket Bed,Palm Island,https://goods-tracker.app/support?asset_id=GB0-142-3,svg/qr_GB0-142-3.svg,png/qr_GB0-142-3.png
GB0-142-4,Weave Bad,Basket Bed,Palm Island,https://goods-tracker.app/support?asset_id=GB0-142-4,svg/qr_GB0-142-4.svg,png/qr_GB0-142-4.png
GB0-142-5,Weave Bad,Basket Bed,Palm Island,https://goods-tracker.app/support?asset_id=GB0-142-5,svg/qr_GB0-142-5.svg,png/qr_GB0-142-5.png
GB0-142-6,Weave Bad,Basket Bed,Palm Island,https://goods-tracker.app/support?asset_id=GB0-142-6,svg/qr_GB0-142-6.svg,png/qr_GB0-142-6.png
GB0-142-7,Weave Bad,Basket Bed,Palm Island,https://goods-tracker.app/support?asset_id=GB0-142-7,svg/qr_GB0-142-7.svg,png/qr_GB0-142-7.png
GB0-142-8,Weave Bad,Basket Bed,Palm Island,https://goods-tracker.app/support?asset_id=GB0-142-8,svg/qr_GB0-142-8.svg,png/qr_GB0-142-8.png
GB0-142-9,Weave Bad,Basket Bed,Palm Island,https://goods-tracker.app/support?asset_id=GB0-142-9,svg/qr_GB0-142-9.svg,png/qr_GB0-142-9.png
GB0-143-1,Additional Washers,ID Washing Machine,Palm Island,https://goods-tracker.app/support?asset_id=GB0-143-1,svg/qr_GB0-143-1.svg,png/qr_GB0-143-1.png
GB0-143-2,Additional Washers,ID Washing Machine,Palm Island,https://goods-tracker.app/support?asset_id=GB0-143-2,svg/qr_GB0-143-2.svg,png/qr_GB0-143-2.png
GB0-144-1,Additional Beds Tennant,Basket Bed,Tennet Creek,https://goods-tracker.app/support?asset_id=GB0-144-1,svg/qr_GB0-144-1.svg,png/qr_GB0-144-1.png
GB0-144-2,Additional Beds Tennant,Basket Bed,Tennet Creek,https://goods-tracker.app/support?asset_id=GB0-144-2,svg/qr_GB0-144-2.svg,png/qr_GB0-144-2.png
GB0-144-3,Additional Beds Tennant,Basket Bed,Tennet Creek,https://goods-tracker.app/support?asset_id=GB0-144-3,svg/qr_GB0-144-3.svg,png/qr_GB0-144-3.png
GB0-144-4,Additional Beds Tennant,Basket Bed,Tennet Creek,https://goods-tracker.app/support?asset_id=GB0-144-4,svg/qr_GB0-144-4.svg,png/qr_GB0-144-4.png
GB0-144-5,Additional Beds Tennant,Basket Bed,Tennet Creek,https://goods-tracker.app/support?asset_id=GB0-144-5,svg/qr_GB0-144-5.svg,png/qr_GB0-144-5.png
GB0-144-6,Additional Beds Tennant,Basket Bed,Tennet Creek,https://goods-tracker.app/support?asset_id=GB0-144-6,svg/qr_GB0-144-6.svg,png/qr_GB0-144-6.png
GB0-144-7,Additional Beds Tennant,Basket Bed,Tennet Creek,https://goods-tracker.app/support?asset_id=GB0-144-7,svg/qr_GB0-144-7.svg,png/qr_GB0-144-7.png
GB0-144-8,Additional Beds Tennant,Basket Bed,Tennet Creek,https://goods-tracker.app/support?asset_id=GB0-144-8,svg/qr_GB0-144-8.svg,png/qr_GB0-144-8.png
GB0-144-9,Additional Beds Tennant,Basket Bed,Tennet Creek,https://goods-tracker.app/support?asset_id=GB0-144-9,svg/qr_GB0-144-9.svg,png/qr_GB0-144-9.png
GB0-144-10,Additional Beds Tennant,Basket Bed,Tennet Creek,https://goods-tracker.app/support?asset_id=GB0-144-10,svg/qr_GB0-144-10.svg,png/qr_GB0-144-10.png
GB0-144-11,Additional Beds Tennant,Basket Bed,Tennet Creek,https://goods-tracker.app/support?asset_id=GB0-144-11,svg/qr_GB0-144-11.svg,png/qr_GB0-144-11.png
GB0-144-12,Additional Beds Tennant,Basket Bed,Tennet Creek,https://goods-tracker.app/support?asset_id=GB0-144-12,svg/qr_GB0-144-12.svg,png/qr_GB0-144-12.png
GB0-144-13,Additional Beds Tennant,Basket Bed,Tennet Creek,https://goods-tracker.app/support?asset_id=GB0-144-13,svg/qr_GB0-144-13.svg,png/qr_GB0-144-13.png
GB0-144-14,Additional Beds Tennant,Basket Bed,Tennet Creek,https://goods-tracker.app/support?asset_id=GB0-144-14,svg/qr_GB0-144-14.svg,png/qr_GB0-144-14.png
GB0-144-15,Additional Beds Tennant,Basket Bed,Tennet Creek,https://goods-tracker.app/support?asset_id=GB0-144-15,svg/qr_GB0-144-15.svg,png/qr_GB0-144-15.png
GB0-144-16,Additional Beds Tennant,Basket Bed,Tennet Creek,https://goods-tracker.app/support?asset_id=GB0-144-16,svg/qr_GB0-144-16.svg,png/qr_GB0-144-16.png
GB0-144-17,Additional Beds Tennant,Basket Bed,Tennet Creek,https://goods-tracker.app/support?asset_id=GB0-144-17,svg/qr_GB0-144-17.svg,png/qr_GB0-144-17.png
GB0-144-18,Additional Beds Tennant,Basket Bed,Tennet Creek,https://goods-tracker.app/support?asset_id=GB0-144-18,svg/qr_GB0-144-18.svg,png/qr_GB0-144-18.png
GB0-144-19,Additional Beds Tennant,Basket Bed,Tennet Creek,https://goods-tracker.app/support?asset_id=GB0-144-19,svg/qr_GB0-144-19.svg,png/qr_GB0-144-19.png
GB0-144-20,Additional Beds Tennant,Basket Bed,Tennet Creek,https://goods-tracker.app/support?asset_id=GB0-144-20,svg/qr_GB0-144-20.svg,png/qr_GB0-144-20.png
GB0-144-21,Additional Beds Tennant,Basket Bed,Tennet Creek,https://goods-tracker.app/support?asset_id=GB0-144-21,svg/qr_GB0-144-21.svg,png/qr_GB0-144-21.png
GB0-144-22,Additional Beds Tennant,Basket Bed,Tennet Creek,https://goods-tracker.app/support?asset_id=GB0-144-22,svg/qr_GB0-144-22.svg,png/qr_GB0-144-22.png
GB0-144-23,Additional Beds Tennant,Basket Bed,Tennet Creek,https://goods-tracker.app/support?asset_id=GB0-144-23,svg/qr_GB0-144-23.svg,png/qr_GB0-144-23.png
GB0-144-24,Additional Beds Tennant,Basket Bed,Tennet Creek,https://goods-tracker.app/support?asset_id=GB0-144-24,svg/qr_GB0-144-24.svg,png/qr_GB0-144-24.png
GB0-144-25,Additional Beds Tennant,Basket Bed,Tennet Creek,https://goods-tracker.app/support?asset_id=GB0-144-25,svg/qr_GB0-144-25.svg,png/qr_GB0-144-25.png
GB0-144-26,Additional Beds Tennant,Basket Bed,Tennet Creek,https://goods-tracker.app/support?asset_id=GB0-144-26,svg/qr_GB0-144-26.svg,png/qr_GB0-144-26.png
GB0-144-27,Additional Beds Tennant,Basket Bed,Tennet Creek,https://goods-tracker.app/support?asset_id=GB0-144-27,svg/qr_GB0-144-27.svg,png/qr_GB0-144-27.png
GB0-144-28,Additional Beds Tennant,Basket Bed,Tennet Creek,https://goods-tracker.app/support?asset_id=GB0-144-28,svg/qr_GB0-144-28.svg,png/qr_GB0-144-28.png
GB0-144-29,Additional Beds Tennant,Basket Bed,Tennet Creek,https://goods-tracker.app/support?asset_id=GB0-144-29,svg/qr_GB0-144-29.svg,png/qr_GB0-144-29.png
GB0-144-30,Additional Beds Tennant,Basket Bed,Tennet Creek,https://goods-tracker.app/support?asset_id=GB0-144-30,svg/qr_GB0-144-30.svg,png/qr_GB0-144-30.png
GB0-144-31,Additional Beds Tennant,Basket Bed,Tennet Creek,https://goods-tracker.app/support?asset_id=GB0-144-31,svg/qr_GB0-144-31.svg,png/qr_GB0-144-31.png
GB0-144-32,Additional Beds Tennant,Basket Bed,Tennet Creek,https://goods-tracker.app/support?asset_id=GB0-144-32,svg/qr_GB0-144-32.svg,png/qr_GB0-144-32.png
GB0-144-33,Additional Beds Tennant,Basket Bed,Tennet Creek,https://goods-tracker.app/support?asset_id=GB0-144-33,svg/qr_GB0-144-33.svg,png/qr_GB0-144-33.png
GB0-144-34,Additional Beds Tennant,Basket Bed,Tennet Creek,https://goods-tracker.app/support?asset_id=GB0-144-34,svg/qr_GB0-144-34.svg,png/qr_GB0-144-34.png
GB0-144-35,Additional Beds Tennant,Basket Bed,Tennet Creek,https://goods-tracker.app/support?asset_id=GB0-144-35,svg/qr_GB0-144-35.svg,png/qr_GB0-144-35.png
GB0-144-36,Additional Beds Tennant,Basket Bed,Tennet Creek,https://goods-tracker.app/support?asset_id=GB0-144-36,svg/qr_GB0-144-36.svg,png/qr_GB0-144-36.png
GB0-144-37,Additional Beds Tennant,Basket Bed,Tennet Creek,https://goods-tracker.app/support?asset_id=GB0-144-37,svg/qr_GB0-144-37.svg,png/qr_GB0-144-37.png
GB0-144-38,Additional Beds Tennant,Basket Bed,Tennet Creek,https://goods-tracker.app/support?asset_id=GB0-144-38,svg/qr_GB0-144-38.svg,png/qr_GB0-144-38.png
GB0-144-39,Additional Beds Tennant,Basket Bed,Tennet Creek,https://goods-tracker.app/support?asset_id=GB0-144-39,svg/qr_GB0-144-39.svg,png/qr_GB0-144-39.png
GB0-144-40,Additional Beds Tennant,Basket Bed,Tennet Creek,https://goods-tracker.app/support?asset_id=GB0-144-40,svg/qr_GB0-144-40.svg,png/qr_GB0-144-40.png
GB0-144-41,Additional Beds Tennant,Basket Bed,Tennet Creek,https://goods-tracker.app/support?asset_id=GB0-144-41,svg/qr_GB0-144-41.svg,png/qr_GB0-144-41.png
GB0-144-42,Additional Beds Tennant,Basket Bed,Tennet Creek,https://goods-tracker.app/support?asset_id=GB0-144-42,svg/qr_GB0-144-42.svg,png/qr_GB0-144-42.png
GB0-144-43,Additional Beds Tennant,Basket Bed,Tennet Creek,https://goods-tracker.app/support?asset_id=GB0-144-43,svg/qr_GB0-144-43.svg,png/qr_GB0-144-43.png
GB0-144-44,Additional Beds Tennant,Basket Bed,Tennet Creek,https://goods-tracker.app/support?asset_id=GB0-144-44,svg/qr_GB0-144-44.svg,png/qr_GB0-144-44.png
GB0-144-45,Additional Beds Tennant,Basket Bed,Tennet Creek,https://goods-tracker.app/support?asset_id=GB0-144-45,svg/qr_GB0-144-45.svg,png/qr_GB0-144-45.png
GB0-144-46,Additional Beds Tennant,Basket Bed,Tennet Creek,https://goods-tracker.app/support?asset_id=GB0-144-46,svg/qr_GB0-144-46.svg,png/qr_GB0-144-46.png
GB0-144-47,Additional Beds Tennant,Basket Bed,Tennet Creek,https://goods-tracker.app/support?asset_id=GB0-144-47,svg/qr_GB0-144-47.svg,png/qr_GB0-144-47.png
GB0-144-48,Additional Beds Tennant,Basket Bed,Tennet Creek,https://goods-tracker.app/support?asset_id=GB0-144-48,svg/qr_GB0-144-48.svg,png/qr_GB0-144-48.png
GB0-144-49,Additional Beds Tennant,Basket Bed,Tennet Creek,https://goods-tracker.app/support?asset_id=GB0-144-49,svg/qr_GB0-144-49.svg,png/qr_GB0-144-49.png
GB0-144-50,Additional Beds Tennant,Basket Bed,Tennet Creek,https://goods-tracker.app/support?asset_id=GB0-144-50,svg/qr_GB0-144-50.svg,png/qr_GB0-144-50.png
GB0-144-51,Additional Beds Tennant,Basket Bed,Tennet Creek,https://goods-tracker.app/support?asset_id=GB0-144-51,svg/qr_GB0-144-51.svg,png/qr_GB0-144-51.png
GB0-144-52,Additional Beds Tennant,Basket Bed,Tennet Creek,https://goods-tracker.app/support?asset_id=GB0-144-52,svg/qr_GB0-144-52.svg,png/qr_GB0-144-52.png
GB0-144-53,Additional Beds Tennant,Basket Bed,Tennet Creek,https://goods-tracker.app/support?asset_id=GB0-144-53,svg/qr_GB0-144-53.svg,png/qr_GB0-144-53.png
GB0-144-54,Additional Beds Tennant,Basket Bed,Tennet Creek,https://goods-tracker.app/support?asset_id=GB0-144-54,svg/qr_GB0-144-54.svg,png/qr_GB0-144-54.png
GB0-144-55,Additional Beds Tennant,Basket Bed,Tennet Creek,https://goods-tracker.app/support?asset_id=GB0-144-55,svg/qr_GB0-144-55.svg,png/qr_GB0-144-55.png
GB0-144-56,Additional Beds Tennant,Basket Bed,Tennet Creek,https://goods-tracker.app/support?asset_id=GB0-144-56,svg/qr_GB0-144-56.svg,png/qr_GB0-144-56.png
GB0-144-57,Additional Beds Tennant,Basket Bed,Tennet Creek,https://goods-tracker.app/support?asset_id=GB0-144-57,svg/qr_GB0-144-57.svg,png/qr_GB0-144-57.png
GB0-144-58,Additional Beds Tennant,Basket Bed,Tennet Creek,https://goods-tracker.app/support?asset_id=GB0-144-58,svg/qr_GB0-144-58.svg,png/qr_GB0-144-58.png
GB0-144-59,Additional Beds Tennant,Basket Bed,Tennet Creek,https://goods-tracker.app/support?asset_id=GB0-144-59,svg/qr_GB0-144-59.svg,png/qr_GB0-144-59.png
GB0-144-60,Additional Beds Tennant,Basket Bed,Tennet Creek,https://goods-tracker.app/support?asset_id=GB0-144-60,svg/qr_GB0-144-60.svg,png/qr_GB0-144-60.png
GB0-144-61,Additional Beds Tennant,Basket Bed,Tennet Creek,https://goods-tracker.app/support?asset_id=GB0-144-61,svg/qr_GB0-144-61.svg,png/qr_GB0-144-61.png
GB0-144-62,Additional Beds Tennant,Basket Bed,Tennet Creek,https://goods-tracker.app/support?asset_id=GB0-144-62,svg/qr_GB0-144-62.svg,png/qr_GB0-144-62.png
GB0-144-63,Additional Beds Tennant,Basket Bed,Tennet Creek,https://goods-tracker.app/support?asset_id=GB0-144-63,svg/qr_GB0-144-63.svg,png/qr_GB0-144-63.png
GB0-144-64,Additional Beds Tennant,Basket Bed,Tennet Creek,https://goods-tracker.app/support?asset_id=GB0-144-64,svg/qr_GB0-144-64.svg,png/qr_GB0-144-64.png
GB0-144-65,Additional Beds Tennant,Basket Bed,Tennet Creek,https://goods-tracker.app/support?asset_id=GB0-144-65,svg/qr_GB0-144-65.svg,png/qr_GB0-144-65.png
GB0-144-66,Additional Beds Tennant,Basket Bed,Tennet Creek,https://goods-tracker.app/support?asset_id=GB0-144-66,svg/qr_GB0-144-66.svg,png/qr_GB0-144-66.png
GB0-144-67,Additional Beds Tennant,Basket Bed,Tennet Creek,https://goods-tracker.app/support?asset_id=GB0-144-67,svg/qr_GB0-144-67.svg,png/qr_GB0-144-67.png
GB0-144-68,Additional Beds Tennant,Basket Bed,Tennet Creek,https://goods-tracker.app/support?asset_id=GB0-144-68,svg/qr_GB0-144-68.svg,png/qr_GB0-144-68.png
GB0-144-69,Additional Beds Tennant,Basket Bed,Tennet Creek,https://goods-tracker.app/support?asset_id=GB0-144-69,svg/qr_GB0-144-69.svg,png/qr_GB0-144-69.png
GB0-144-70,Additional Beds Tennant,Basket Bed,Tennet Creek,https://goods-tracker.app/support?asset_id=GB0-144-70,svg/qr_GB0-144-70.svg,png/qr_GB0-144-70.png
GB0-144-71,Additional Beds Tennant,Basket Bed,Tennet Creek,https://goods-tracker.app/support?asset_id=GB0-144-71,svg/qr_GB0-144-71.svg,png/qr_GB0-144-71.png
GB0-144-72,Additional Beds Tennant,Basket Bed,Tennet Creek,https://goods-tracker.app/support?asset_id=GB0-144-72,svg/qr_GB0-144-72.svg,png/qr_GB0-144-72.png
GB0-144-73,Additional Beds Tennant,Basket Bed,Tennet Creek,https://goods-tracker.app/support?asset_id=GB0-144-73,svg/qr_GB0-144-73.svg,png/qr_GB0-144-73.png
GB0-144-74,Additional Beds Tennant,Basket Bed,Tennet Creek,https://goods-tracker.app/support?asset_id=GB0-144-74,svg/qr_GB0-144-74.svg,png/qr_GB0-144-74.png
GB0-144-75,Additional Beds Tennant,Basket Bed,Tennet Creek,https://goods-tracker.app/support?asset_id=GB0-144-75,svg/qr_GB0-144-75.svg,png/qr_GB0-144-75.png
GB0-144-76,Additional Beds Tennant,Basket Bed,Tennet Creek,https://goods-tracker.app/support?asset_id=GB0-144-76,svg/qr_GB0-144-76.svg,png/qr_GB0-144-76.png
GB0-144-77,Additional Beds Tennant,Basket Bed,Tennet Creek,https://goods-tracker.app/support?asset_id=GB0-144-77,svg/qr_GB0-144-77.svg,png/qr_GB0-144-77.png
GB0-144-78,Additional Beds Tennant,Basket Bed,Tennet Creek,https://goods-tracker.app/support?asset_id=GB0-144-78,svg/qr_GB0-144-78.svg,png/qr_GB0-144-78.png
GB0-144-79,Additional Beds Tennant,Basket Bed,Tennet Creek,https://goods-tracker.app/support?asset_id=GB0-144-79,svg/qr_GB0-144-79.svg,png/qr_GB0-144-79.png
GB0-144-80,Additional Beds Tennant,Basket Bed,Tennet Creek,https://goods-tracker.app/support?asset_id=GB0-144-80,svg/qr_GB0-144-80.svg,png/qr_GB0-144-80.png
GB0-144-81,Additional Beds Tennant,Basket Bed,Tennet Creek,https://goods-tracker.app/support?asset_id=GB0-144-81,svg/qr_GB0-144-81.svg,png/qr_GB0-144-81.png
GB0-144-82,Additional Beds Tennant,Basket Bed,Tennet Creek,https://goods-tracker.app/support?asset_id=GB0-144-82,svg/qr_GB0-144-82.svg,png/qr_GB0-144-82.png
GB0-144-83,Additional Beds Tennant,Basket Bed,Tennet Creek,https://goods-tracker.app/support?asset_id=GB0-144-83,svg/qr_GB0-144-83.svg,png/qr_GB0-144-83.png
GB0-144-84,Additional Beds Tennant,Basket Bed,Tennet Creek,https://goods-tracker.app/support?asset_id=GB0-144-84,svg/qr_GB0-144-84.svg,png/qr_GB0-144-84.png
GB0-144-85,Additional Beds Tennant,Basket Bed,Tennet Creek,https://goods-tracker.app/support?asset_id=GB0-144-85,svg/qr_GB0-144-85.svg,png/qr_GB0-144-85.png
GB0-144-86,Additional Beds Tennant,Basket Bed,Tennet Creek,https://goods-tracker.app/support?asset_id=GB0-144-86,svg/qr_GB0-144-86.svg,png/qr_GB0-144-86.png
GB0-144-87,Additional Beds Tennant,Basket Bed,Tennet Creek,https://goods-tracker.app/support?asset_id=GB0-144-87,svg/qr_GB0-144-87.svg,png/qr_GB0-144-87.png
GB0-144-88,Additional Beds Tennant,Basket Bed,Tennet Creek,https://goods-tracker.app/support?asset_id=GB0-144-88,svg/qr_GB0-144-88.svg,png/qr_GB0-144-88.png
GB0-144-89,Additional Beds Tennant,Basket Bed,Tennet Creek,https://goods-tracker.app/support?asset_id=GB0-144-89,svg/qr_GB0-144-89.svg,png/qr_GB0-144-89.png
GB0-144-90,Additional Beds Tennant,Basket Bed,Tennet Creek,https://goods-tracker.app/support?asset_id=GB0-144-90,svg/qr_GB0-144-90.svg,png/qr_GB0-144-90.png
GB0-145-1,Additional Beds Palm,Basket Bed,Palm Island,https://goods-tracker.app/support?asset_id=GB0-145-1,svg/qr_GB0-145-1.svg,png/qr_GB0-145-1.png
GB0-145-2,Additional Beds Palm,Basket Bed,Palm Island,https://goods-tracker.app/support?asset_id=GB0-145-2,svg/qr_GB0-145-2.svg,png/qr_GB0-145-2.png
GB0-145-3,Additional Beds Palm,Basket Bed,Palm Island,https://goods-tracker.app/support?asset_id=GB0-145-3,svg/qr_GB0-145-3.svg,png/qr_GB0-145-3.png
GB0-145-4,Additional Beds Palm,Basket Bed,Palm Island,https://goods-tracker.app/support?asset_id=GB0-145-4,svg/qr_GB0-145-4.svg,png/qr_GB0-145-4.png
GB0-145-5,Additional Beds Palm,Basket Bed,Palm Island,https://goods-tracker.app/support?asset_id=GB0-145-5,svg/qr_GB0-145-5.svg,png/qr_GB0-145-5.png
GB0-145-6,Additional Beds Palm,Basket Bed,Palm Island,https://goods-tracker.app/support?asset_id=GB0-145-6,svg/qr_GB0-145-6.svg,png/qr_GB0-145-6.png
GB0-145-7,Additional Beds Palm,Basket Bed,Palm Island,https://goods-tracker.app/support?asset_id=GB0-145-7,svg/qr_GB0-145-7.svg,png/qr_GB0-145-7.png
GB0-145-8,Additional Beds Palm,Basket Bed,Palm Island,https://goods-tracker.app/support?asset_id=GB0-145-8,svg/qr_GB0-145-8.svg,png/qr_GB0-145-8.png
GB0-145-9,Additional Beds Palm,Basket Bed,Palm Island,https://goods-tracker.app/support?asset_id=GB0-145-9,svg/qr_GB0-145-9.svg,png/qr_GB0-145-9.png
GB0-145-10,Additional Beds Palm,Basket Bed,Palm Island,https://goods-tracker.app/support?asset_id=GB0-145-10,svg/qr_GB0-145-10.svg,png/qr_GB0-145-10.png
GB0-145-11,Additional Beds Palm,Basket Bed,Palm Island,https://goods-tracker.app/support?asset_id=GB0-145-11,svg/qr_GB0-145-11.svg,png/qr_GB0-145-11.png
GB0-145-12,Additional Beds Palm,Basket Bed,Palm Island,https://goods-tracker.app/support?asset_id=GB0-145-12,svg/qr_GB0-145-12.svg,png/qr_GB0-145-12.png
GB0-145-13,Additional Beds Palm,Basket Bed,Palm Island,https://goods-tracker.app/support?asset_id=GB0-145-13,svg/qr_GB0-145-13.svg,png/qr_GB0-145-13.png
GB0-145-14,Additional Beds Palm,Basket Bed,Palm Island,https://goods-tracker.app/support?asset_id=GB0-145-14,svg/qr_GB0-145-14.svg,png/qr_GB0-145-14.png
GB0-145-15,Additional Beds Palm,Basket Bed,Palm Island,https://goods-tracker.app/support?asset_id=GB0-145-15,svg/qr_GB0-145-15.svg,png/qr_GB0-145-15.png
GB0-145-16,Additional Beds Palm,Basket Bed,Palm Island,https://goods-tracker.app/support?asset_id=GB0-145-16,svg/qr_GB0-145-16.svg,png/qr_GB0-145-16.png
GB0-145-17,Additional Beds Palm,Basket Bed,Palm Island,https://goods-tracker.app/support?asset_id=GB0-145-17,svg/qr_GB0-145-17.svg,png/qr_GB0-145-17.png
GB0-145-18,Additional Beds Palm,Basket Bed,Palm Island,https://goods-tracker.app/support?asset_id=GB0-145-18,svg/qr_GB0-145-18.svg,png/qr_GB0-145-18.png
GB0-145-19,Additional Beds Palm,Basket Bed,Palm Island,https://goods-tracker.app/support?asset_id=GB0-145-19,svg/qr_GB0-145-19.svg,png/qr_GB0-145-19.png
GB0-145-20,Additional Beds Palm,Basket Bed,Palm Island,https://goods-tracker.app/support?asset_id=GB0-145-20,svg/qr_GB0-145-20.svg,png/qr_GB0-145-20.png
GB0-145-21,Additional Beds Palm,Basket Bed,Palm Island,https://goods-tracker.app/support?asset_id=GB0-145-21,svg/qr_GB0-145-21.svg,png/qr_GB0-145-21.png
GB0-145-22,Additional Beds Palm,Basket Bed,Palm Island,https://goods-tracker.app/support?asset_id=GB0-145-22,svg/qr_GB0-145-22.svg,png/qr_GB0-145-22.png
GB0-145-23,Additional Beds Palm,Basket Bed,Palm Island,https://goods-tracker.app/support?asset_id=GB0-145-23,svg/qr_GB0-145-23.svg,png/qr_GB0-145-23.png
GB0-145-24,Additional Beds Palm,Basket Bed,Palm Island,https://goods-tracker.app/support?asset_id=GB0-145-24,svg/qr_GB0-145-24.svg,png/qr_GB0-145-24.png
GB0-145-25,Additional Beds Palm,Basket Bed,Palm Island,https://goods-tracker.app/support?asset_id=GB0-145-25,svg/qr_GB0-145-25.svg,png/qr_GB0-145-25.png
GB0-145-26,Additional Beds Palm,Basket Bed,Palm Island,https://goods-tracker.app/support?asset_id=GB0-145-26,svg/qr_GB0-145-26.svg,png/qr_GB0-145-26.png
GB0-145-27,Additional Beds Palm,Basket Bed,Palm Island,https://goods-tracker.app/support?asset_id=GB0-145-27,svg/qr_GB0-145-27.svg,png/qr_GB0-145-27.png
GB0-145-28,Additional Beds Palm,Basket Bed,Palm Island,https://goods-tracker.app/support?asset_id=GB0-145-28,svg/qr_GB0-145-28.svg,png/qr_GB0-145-28.png
GB0-145-29,Additional Beds Palm,Basket Bed,Palm Island,https://goods-tracker.app/support?asset_id=GB0-145-29,svg/qr_GB0-145-29.svg,png/qr_GB0-145-29.png
GB0-145-30,Additional Beds Palm,Basket Bed,Palm Island,https://goods-tracker.app/support?asset_id=GB0-145-30,svg/qr_GB0-145-30.svg,png/qr_GB0-145-30.png
GB0-145-31,Additional Beds Palm,Basket Bed,Palm Island,https://goods-tracker.app/support?asset_id=GB0-145-31,svg/qr_GB0-145-31.svg,png/qr_GB0-145-31.png
GB0-145-32,Additional Beds Palm,Basket Bed,Palm Island,https://goods-tracker.app/support?asset_id=GB0-145-32,svg/qr_GB0-145-32.svg,png/qr_GB0-145-32.png
GB0-145-33,Additional Beds Palm,Basket Bed,Palm Island,https://goods-tracker.app/support?asset_id=GB0-145-33,svg/qr_GB0-145-33.svg,png/qr_GB0-145-33.png
GB0-145-34,Additional Beds Palm,Basket Bed,Palm Island,https://goods-tracker.app/support?asset_id=GB0-145-34,svg/qr_GB0-145-34.svg,png/qr_GB0-145-34.png
GB0-145-35,Additional Beds Palm,Basket Bed,Palm Island,https://goods-tracker.app/support?asset_id=GB0-145-35,svg/qr_GB0-145-35.svg,png/qr_GB0-145-35.png
GB0-145-36,Additional Beds Palm,Basket Bed,Palm Island,https://goods-tracker.app/support?asset_id=GB0-145-36,svg/qr_GB0-145-36.svg,png/qr_GB0-145-36.png
GB0-145-37,Additional Beds Palm,Basket Bed,Palm Island,https://goods-tracker.app/support?asset_id=GB0-145-37,svg/qr_GB0-145-37.svg,png/qr_GB0-145-37.png
GB0-145-38,Additional Beds Palm,Basket Bed,Palm Island,https://goods-tracker.app/support?asset_id=GB0-145-38,svg/qr_GB0-145-38.svg,png/qr_GB0-145-38.png
GB0-145-39,Additional Beds Palm,Basket Bed,Palm Island,https://goods-tracker.app/support?asset_id=GB0-145-39,svg/qr_GB0-145-39.svg,png/qr_GB0-145-39.png
GB0-145-40,Additional Beds Palm,Basket Bed,Palm Island,https://goods-tracker.app/support?asset_id=GB0-145-40,svg/qr_GB0-145-40.svg,png/qr_GB0-145-40.png
GB0-145-41,Additional Beds Palm,Basket Bed,Palm Island,https://goods-tracker.app/support?asset_id=GB0-145-41,svg/qr_GB0-145-41.svg,png/qr_GB0-145-41.png
GB0-145-42,Additional Beds Palm,Basket Bed,Palm Island,https://goods-tracker.app/support?asset_id=GB0-145-42,svg/qr_GB0-145-42.svg,png/qr_GB0-145-42.png
GB0-145-43,Additional Beds Palm,Basket Bed,Palm Island,https://goods-tracker.app/support?asset_id=GB0-145-43,svg/qr_GB0-145-43.svg,png/qr_GB0-145-43.png
GB0-145-44,Additional Beds Palm,Basket Bed,Palm Island,https://goods-tracker.app/support?asset_id=GB0-145-44,svg/qr_GB0-145-44.svg,png/qr_GB0-145-44.png
GB0-145-45,Additional Beds Palm,Basket Bed,Palm Island,https://goods-tracker.app/support?asset_id=GB0-145-45,svg/qr_GB0-145-45.svg,png/qr_GB0-145-45.png
GB0-145-46,Additional Beds Palm,Basket Bed,Palm Island,https://goods-tracker.app/support?asset_id=GB0-145-46,svg/qr_GB0-145-46.svg,png/qr_GB0-145-46.png
GB0-145-47,Additional Beds Palm,Basket Bed,Palm Island,https://goods-tracker.app/support?asset_id=GB0-145-47,svg/qr_GB0-145-47.svg,png/qr_GB0-145-47.png
GB0-145-48,Additional Beds Palm,Basket Bed,Palm Island,https://goods-tracker.app/support?asset_id=GB0-145-48,svg/qr_GB0-145-48.svg,png/qr_GB0-145-48.png
GB0-145-49,Additional Beds Palm,Basket Bed,Palm Island,https://goods-tracker.app/support?asset_id=GB0-145-49,svg/qr_GB0-145-49.svg,png/qr_GB0-145-49.png
GB0-145-50,Additional Beds Palm,Basket Bed,Palm Island,https://goods-tracker.app/support?asset_id=GB0-145-50,svg/qr_GB0-145-50.svg,png/qr_GB0-145-50.png
GB0-145-51,Additional Beds Palm,Basket Bed,Palm Island,https://goods-tracker.app/support?asset_id=GB0-145-51,svg/qr_GB0-145-51.svg,png/qr_GB0-145-51.png
GB0-145-52,Additional Beds Palm,Basket Bed,Palm Island,https://goods-tracker.app/support?asset_id=GB0-145-52,svg/qr_GB0-145-52.svg,png/qr_GB0-145-52.png
GB0-145-53,Additional Beds Palm,Basket Bed,Palm Island,https://goods-tracker.app/support?asset_id=GB0-145-53,svg/qr_GB0-145-53.svg,png/qr_GB0-145-53.png
GB0-145-54,Additional Beds Palm,Basket Bed,Palm Island,https://goods-tracker.app/support?asset_id=GB0-145-54,svg/qr_GB0-145-54.svg,png/qr_GB0-145-54.png
GB0-145-55,Additional Beds Palm,Basket Bed,Palm Island,https://goods-tracker.app/support?asset_id=GB0-145-55,svg/qr_GB0-145-55.svg,png/qr_GB0-145-55.png
GB0-145-56,Additional Beds Palm,Basket Bed,Palm Island,https://goods-tracker.app/support?asset_id=GB0-145-56,svg/qr_GB0-145-56.svg,png/qr_GB0-145-56.png
GB0-145-57,Additional Beds Palm,Basket Bed,Palm Island,https://goods-tracker.app/support?asset_id=GB0-145-57,svg/qr_GB0-145-57.svg,png/qr_GB0-145-57.png
GB0-145-58,Additional Beds Palm,Basket Bed,Palm Island,https://goods-tracker.app/support?asset_id=GB0-145-58,svg/qr_GB0-145-58.svg,png/qr_GB0-145-58.png
GB0-145-59,Additional Beds Palm,Basket Bed,Palm Island,https://goods-tracker.app/support?asset_id=GB0-145-59,svg/qr_GB0-145-59.svg,png/qr_GB0-145-59.png
GB0-145-60,Additional Beds Palm,Basket Bed,Palm Island,https://goods-tracker.app/support?asset_id=GB0-145-60,svg/qr_GB0-145-60.svg,png/qr_GB0-145-60.png
GB0-147,Club Kuta machine,ID Washing Machine,Palm Island,https://goods-tracker.app/support?asset_id=GB0-147,svg/qr_GB0-147.svg,png/qr_GB0-147.png
GB0-148-1,Utopia Homelands,Basket Bed,Alice Homelands,https://goods-tracker.app/support?asset_id=GB0-148-1,svg/qr_GB0-148-1.svg,png/qr_GB0-148-1.png
GB0-148-2,Utopia Homelands,Basket Bed,Alice Homelands,https://goods-tracker.app/support?asset_id=GB0-148-2,svg/qr_GB0-148-2.svg,png/qr_GB0-148-2.png
GB0-148-3,Utopia Homelands,Basket Bed,Alice Homelands,https://goods-tracker.app/support?asset_id=GB0-148-3,svg/qr_GB0-148-3.svg,png/qr_GB0-148-3.png
GB0-148-4,Utopia Homelands,Basket Bed,Alice Homelands,https://goods-tracker.app/support?asset_id=GB0-148-4,svg/qr_GB0-148-4.svg,png/qr_GB0-148-4.png
GB0-148-5,Utopia Homelands,Basket Bed,Alice Homelands,https://goods-tracker.app/support?asset_id=GB0-148-5,svg/qr_GB0-148-5.svg,png/qr_GB0-148-5.png
GB0-148-6,Utopia Homelands,Basket Bed,Alice Homelands,https://goods-tracker.app/support?asset_id=GB0-148-6,svg/qr_GB0-148-6.svg,png/qr_GB0-148-6.png
GB0-148-7,Utopia Homelands,Basket Bed,Alice Homelands,https://goods-tracker.app/support?asset_id=GB0-148-7,svg/qr_GB0-148-7.svg,png/qr_GB0-148-7.png
GB0-148-8,Utopia Homelands,Basket Bed,Alice Homelands,https://goods-tracker.app/support?asset_id=GB0-148-8,svg/qr_GB0-148-8.svg,png/qr_GB0-148-8.png
GB0-148-9,Utopia Homelands,Basket Bed,Alice Homelands,https://goods-tracker.app/support?asset_id=GB0-148-9,svg/qr_GB0-148-9.svg,png/qr_GB0-148-9.png
GB0-148-10,Utopia Homelands,Basket Bed,Alice Homelands,https://goods-tracker.app/support?asset_id=GB0-148-10,svg/qr_GB0-148-10.svg,png/qr_GB0-148-10.png
GB0-148-11,Utopia Homelands,Basket Bed,Alice Homelands,https://goods-tracker.app/support?asset_id=GB0-148-11,svg/qr_GB0-148-11.svg,png/qr_GB0-148-11.png
GB0-148-12,Utopia Homelands,Basket Bed,Alice Homelands,https://goods-tracker.app/support?asset_id=GB0-148-12,svg/qr_GB0-148-12.svg,png/qr_GB0-148-12.png
GB0-148-13,Utopia Homelands,Basket Bed,Alice Homelands,https://goods-tracker.app/support?asset_id=GB0-148-13,svg/qr_GB0-148-13.svg,png/qr_GB0-148-13.png
GB0-148-14,Utopia Homelands,Basket Bed,Alice Homelands,https://goods-tracker.app/support?asset_id=GB0-148-14,svg/qr_GB0-148-14.svg,png/qr_GB0-148-14.png
GB0-148-15,Utopia Homelands,Basket Bed,Alice Homelands,https://goods-tracker.app/support?asset_id=GB0-148-15,svg/qr_GB0-148-15.svg,png/qr_GB0-148-15.png
GB0-148-16,Utopia Homelands,Basket Bed,Alice Homelands,https://goods-tracker.app/support?asset_id=GB0-148-16,svg/qr_GB0-148-16.svg,png/qr_GB0-148-16.png
GB0-148-17,Utopia Homelands,Basket Bed,Alice Homelands,https://goods-tracker.app/support?asset_id=GB0-148-17,svg/qr_GB0-148-17.svg,png/qr_GB0-148-17.png
GB0-148-18,Utopia Homelands,Basket Bed,Alice Homelands,https://goods-tracker.app/support?asset_id=GB0-148-18,svg/qr_GB0-148-18.svg,png/qr_GB0-148-18.png
GB0-148-19,Utopia Homelands,Basket Bed,Alice Homelands,https://goods-tracker.app/support?asset_id=GB0-148-19,svg/qr_GB0-148-19.svg,png/qr_GB0-148-19.png
GB0-148-20,Utopia Homelands,Basket Bed,Alice Homelands,https://goods-tracker.app/support?asset_id=GB0-148-20,svg/qr_GB0-148-20.svg,png/qr_GB0-148-20.png
GB0-148-21,Utopia Homelands,Basket Bed,Alice Homelands,https://goods-tracker.app/support?asset_id=GB0-148-21,svg/qr_GB0-148-21.svg,png/qr_GB0-148-21.png
GB0-148-22,Utopia Homelands,Basket Bed,Alice Homelands,https://goods-tracker.app/support?asset_id=GB0-148-22,svg/qr_GB0-148-22.svg,png/qr_GB0-148-22.png
GB0-148-23,Utopia Homelands,Basket Bed,Alice Homelands,https://goods-tracker.app/support?asset_id=GB0-148-23,svg/qr_GB0-148-23.svg,png/qr_GB0-148-23.png
GB0-148-24,Utopia Homelands,Basket Bed,Alice Homelands,https://goods-tracker.app/support?asset_id=GB0-148-24,svg/qr_GB0-148-24.svg,png/qr_GB0-148-24.png
GB0-148-25,Utopia Homelands,Basket Bed,Alice Homelands,https://goods-tracker.app/support?asset_id=GB0-148-25,svg/qr_GB0-148-25.svg,png/qr_GB0-148-25.png
GB0-148-26,Utopia Homelands,Basket Bed,Alice Homelands,https://goods-tracker.app/support?asset_id=GB0-148-26,svg/qr_GB0-148-26.svg,png/qr_GB0-148-26.png
GB0-148-27,Utopia Homelands,Basket Bed,Alice Homelands,https://goods-tracker.app/support?asset_id=GB0-148-27,svg/qr_GB0-148-27.svg,png/qr_GB0-148-27.png
GB0-148-28,Utopia Homelands,Basket Bed,Alice Homelands,https://goods-tracker.app/support?asset_id=GB0-148-28,svg/qr_GB0-148-28.svg,png/qr_GB0-148-28.png
GB0-148-29,Utopia Homelands,Basket Bed,Alice Homelands,https://goods-tracker.app/support?asset_id=GB0-148-29,svg/qr_GB0-148-29.svg,png/qr_GB0-148-29.png
GB0-148-30,Utopia Homelands,Basket Bed,Alice Homelands,https://goods-tracker.app/support?asset_id=GB0-148-30,svg/qr_GB0-148-30.svg,png/qr_GB0-148-30.png
GB0-148-31,Utopia Homelands,Basket Bed,Alice Homelands,https://goods-tracker.app/support?asset_id=GB0-148-31,svg/qr_GB0-148-31.svg,png/qr_GB0-148-31.png
GB0-148-32,Utopia Homelands,Basket Bed,Alice Homelands,https://goods-tracker.app/support?asset_id=GB0-148-32,svg/qr_GB0-148-32.svg,png/qr_GB0-148-32.png
GB0-148-33,Utopia Homelands,Basket Bed,Alice Homelands,https://goods-tracker.app/support?asset_id=GB0-148-33,svg/qr_GB0-148-33.svg,png/qr_GB0-148-33.png
GB0-148-34,Utopia Homelands,Basket Bed,Alice Homelands,https://goods-tracker.app/support?asset_id=GB0-148-34,svg/qr_GB0-148-34.svg,png/qr_GB0-148-34.png
GB0-148-35,Utopia Homelands,Basket Bed,Alice Homelands,https://goods-tracker.app/support?asset_id=GB0-148-35,svg/qr_GB0-148-35.svg,png/qr_GB0-148-35.png
GB0-148-36,Utopia Homelands,Basket Bed,Alice Homelands,https://goods-tracker.app/support?asset_id=GB0-148-36,svg/qr_GB0-148-36.svg,png/qr_GB0-148-36.png
GB0-148-37,Utopia Homelands,Basket Bed,Alice Homelands,https://goods-tracker.app/support?asset_id=GB0-148-37,svg/qr_GB0-148-37.svg,png/qr_GB0-148-37.png
GB0-148-38,Utopia Homelands,Basket Bed,Alice Homelands,https://goods-tracker.app/support?asset_id=GB0-148-38,svg/qr_GB0-148-38.svg,png/qr_GB0-148-38.png
GB0-148-39,Utopia Homelands,Basket Bed,Alice Homelands,https://goods-tracker.app/support?asset_id=GB0-148-39,svg/qr_GB0-148-39.svg,png/qr_GB0-148-39.png
GB0-148-40,Utopia Homelands,Basket Bed,Alice Homelands,https://goods-tracker.app/support?asset_id=GB0-148-40,svg/qr_GB0-148-40.svg,png/qr_GB0-148-40.png
GB0-148-41,Utopia Homelands,Basket Bed,Alice Homelands,https://goods-tracker.app/support?asset_id=GB0-148-41,svg/qr_GB0-148-41.svg,png/qr_GB0-148-41.png
GB0-148-42,Utopia Homelands,Basket Bed,Alice Homelands,https://goods-tracker.app/support?asset_id=GB0-148-42,svg/qr_GB0-148-42.svg,png/qr_GB0-148-42.png
GB0-148-43,Utopia Homelands,Basket Bed,Alice Homelands,https://goods-tracker.app/support?asset_id=GB0-148-43,svg/qr_GB0-148-43.svg,png/qr_GB0-148-43.png
GB0-148-44,Utopia Homelands,Basket Bed,Alice Homelands,https://goods-tracker.app/support?asset_id=GB0-148-44,svg/qr_GB0-148-44.svg,png/qr_GB0-148-44.png
GB0-148-45,Utopia Homelands,Basket Bed,Alice Homelands,https://goods-tracker.app/support?asset_id=GB0-148-45,svg/qr_GB0-148-45.svg,png/qr_GB0-148-45.png
GB0-148-46,Utopia Homelands,Basket Bed,Alice Homelands,https://goods-tracker.app/support?asset_id=GB0-148-46,svg/qr_GB0-148-46.svg,png/qr_GB0-148-46.png
GB0-148-47,Utopia Homelands,Basket Bed,Alice Homelands,https://goods-tracker.app/support?asset_id=GB0-148-47,svg/qr_GB0-148-47.svg,png/qr_GB0-148-47.png
GB0-148-48,Utopia Homelands,Basket Bed,Alice Homelands,https://goods-tracker.app/support?asset_id=GB0-148-48,svg/qr_GB0-148-48.svg,png/qr_GB0-148-48.png
GB0-148-49,Utopia Homelands,Basket Bed,Alice Homelands,https://goods-tracker.app/support?asset_id=GB0-148-49,svg/qr_GB0-148-49.svg,png/qr_GB0-148-49.png
GB0-148-50,Utopia Homelands,Basket Bed,Alice Homelands,https://goods-tracker.app/support?asset_id=GB0-148-50,svg/qr_GB0-148-50.svg,png/qr_GB0-148-50.png
GB0-148-51,Utopia Homelands,Basket Bed,Alice Homelands,https://goods-tracker.app/support?asset_id=GB0-148-51,svg/qr_GB0-148-51.svg,png/qr_GB0-148-51.png
GB0-148-52,Utopia Homelands,Basket Bed,Alice Homelands,https://goods-tracker.app/support?asset_id=GB0-148-52,svg/qr_GB0-148-52.svg,png/qr_GB0-148-52.png
GB0-148-53,Utopia Homelands,Basket Bed,Alice Homelands,https://goods-tracker.app/support?asset_id=GB0-148-53,svg/qr_GB0-148-53.svg,png/qr_GB0-148-53.png
GB0-148-54,Utopia Homelands,Basket Bed,Alice Homelands,https://goods-tracker.app/support?asset_id=GB0-148-54,svg/qr_GB0-148-54.svg,png/qr_GB0-148-54.png
GB0-148-55,Utopia Homelands,Basket Bed,Alice Homelands,https://goods-tracker.app/support?asset_id=GB0-148-55,svg/qr_GB0-148-55.svg,png/qr_GB0-148-55.png
GB0-148-56,Utopia Homelands,Basket Bed,Alice Homelands,https://goods-tracker.app/support?asset_id=GB0-148-56,svg/qr_GB0-148-56.svg,png/qr_GB0-148-56.png
GB0-148-57,Utopia Homelands,Basket Bed,Alice Homelands,https://goods-tracker.app/support?asset_id=GB0-148-57,svg/qr_GB0-148-57.svg,png/qr_GB0-148-57.png
GB0-148-58,Utopia Homelands,Basket Bed,Alice Homelands,https://goods-tracker.app/support?asset_id=GB0-148-58,svg/qr_GB0-148-58.svg,png/qr_GB0-148-58.png
GB0-148-59,Utopia Homelands,Basket Bed,Alice Homelands,https://goods-tracker.app/support?asset_id=GB0-148-59,svg/qr_GB0-148-59.svg,png/qr_GB0-148-59.png
GB0-148-60,Utopia Homelands,Basket Bed,Alice Homelands,https://goods-tracker.app/support?asset_id=GB0-148-60,svg/qr_GB0-148-60.svg,png/qr_GB0-148-60.png
GB0-149-1,Maningrida,Basket Bed,Maningrida,https://goods-tracker.app/support?asset_id=GB0-149-1,svg/qr_GB0-149-1.svg,png/qr_GB0-149-1.png
GB0-149-2,Maningrida,Basket Bed,Maningrida,https://goods-tracker.app/support?asset_id=GB0-149-2,svg/qr_GB0-149-2.svg,png/qr_GB0-149-2.png
GB0-149-3,Maningrida,Basket Bed,Maningrida,https://goods-tracker.app/support?asset_id=GB0-149-3,svg/qr_GB0-149-3.svg,png/qr_GB0-149-3.png
GB0-149-4,Maningrida,Basket Bed,Maningrida,https://goods-tracker.app/support?asset_id=GB0-149-4,svg/qr_GB0-149-4.svg,png/qr_GB0-149-4.png
GB0-149-5,Maningrida,Basket Bed,Maningrida,https://goods-tracker.app/support?asset_id=GB0-149-5,svg/qr_GB0-149-5.svg,png/qr_GB0-149-5.png
GB0-149-6,Maningrida,Basket Bed,Maningrida,https://goods-tracker.app/support?asset_id=GB0-149-6,svg/qr_GB0-149-6.svg,png/qr_GB0-149-6.png
GB0-149-7,Maningrida,Basket Bed,Maningrida,https://goods-tracker.app/support?asset_id=GB0-149-7,svg/qr_GB0-149-7.svg,png/qr_GB0-149-7.png
GB0-149-8,Maningrida,Basket Bed,Maningrida,https://goods-tracker.app/support?asset_id=GB0-149-8,svg/qr_GB0-149-8.svg,png/qr_GB0-149-8.png
GB0-149-9,Maningrida,Basket Bed,Maningrida,https://goods-tracker.app/support?asset_id=GB0-149-9,svg/qr_GB0-149-9.svg,png/qr_GB0-149-9.png
GB0-149-10,Maningrida,Basket Bed,Maningrida,https://goods-tracker.app/support?asset_id=GB0-149-10,svg/qr_GB0-149-10.svg,png/qr_GB0-149-10.png
GB0-149-11,Maningrida,Basket Bed,Maningrida,https://goods-tracker.app/support?asset_id=GB0-149-11,svg/qr_GB0-149-11.svg,png/qr_GB0-149-11.png
GB0-149-12,Maningrida,Basket Bed,Maningrida,https://goods-tracker.app/support?asset_id=GB0-149-12,svg/qr_GB0-149-12.svg,png/qr_GB0-149-12.png
GB0-149-13,Maningrida,Basket Bed,Maningrida,https://goods-tracker.app/support?asset_id=GB0-149-13,svg/qr_GB0-149-13.svg,png/qr_GB0-149-13.png
GB0-149-14,Maningrida,Basket Bed,Maningrida,https://goods-tracker.app/support?asset_id=GB0-149-14,svg/qr_GB0-149-14.svg,png/qr_GB0-149-14.png
GB0-149-15,Maningrida,Basket Bed,Maningrida,https://goods-tracker.app/support?asset_id=GB0-149-15,svg/qr_GB0-149-15.svg,png/qr_GB0-149-15.png
GB0-149-16,Maningrida,Basket Bed,Maningrida,https://goods-tracker.app/support?asset_id=GB0-149-16,svg/qr_GB0-149-16.svg,png/qr_GB0-149-16.png
GB0-149-17,Maningrida,Basket Bed,Maningrida,https://goods-tracker.app/support?asset_id=GB0-149-17,svg/qr_GB0-149-17.svg,png/qr_GB0-149-17.png
GB0-149-18,Maningrida,Basket Bed,Maningrida,https://goods-tracker.app/support?asset_id=GB0-149-18,svg/qr_GB0-149-18.svg,png/qr_GB0-149-18.png
GB0-150-1,Maningrida Laundry,ID Washing Machine,Maningrida,https://goods-tracker.app/support?asset_id=GB0-150-1,svg/qr_GB0-150-1.svg,png/qr_GB0-150-1.png
GB0-150-2,Maningrida Laundry,ID Washing Machine,Maningrida,https://goods-tracker.app/support?asset_id=GB0-150-2,svg/qr_GB0-150-2.svg,png/qr_GB0-150-2.png
GB0-150-3,Maningrida Laundry,ID Washing Machine,Maningrida,https://goods-tracker.app/support?asset_id=GB0-150-3,svg/qr_GB0-150-3.svg,png/qr_GB0-150-3.png
GB0-150-4,Maningrida Laundry,ID Washing Machine,Maningrida,https://goods-tracker.app/support?asset_id=GB0-150-4,svg/qr_GB0-150-4.svg,png/qr_GB0-150-4.png
GB0-150-5,Maningrida Laundry,ID Washing Machine,Maningrida,https://goods-tracker.app/support?asset_id=GB0-150-5,svg/qr_GB0-150-5.svg,png/qr_GB0-150-5.png
GB0-150-6,Maningrida Laundry,ID Washing Machine,Maningrida,https://goods-tracker.app/support?asset_id=GB0-150-6,svg/qr_GB0-150-6.svg,png/qr_GB0-150-6.png
GB0-151-1,Tennant Weave Beds,Weave Bed,Tennet Creek,https://goods-tracker.app/support?asset_id=GB0-151-1,svg/qr_GB0-151-1.svg,png/qr_GB0-151-1.png
GB0-151-2,Tennant Weave Beds,Weave Bed,Tennet Creek,https://goods-tracker.app/support?asset_id=GB0-151-2,svg/qr_GB0-151-2.svg,png/qr_GB0-151-2.png
GB0-151-3,Tennant Weave Beds,Weave Bed,Tennet Creek,https://goods-tracker.app/support?asset_id=GB0-151-3,svg/qr_GB0-151-3.svg,png/qr_GB0-151-3.png
